id;address_1;address_2;city;postcode;country
1;Credit Card Account;intuitive Open-architected system-worthy;Lake Rosetta;Metal arra;Fr
2;schemas Synergistic Personal Loan Account;Avon;Lizziefort;deposit;Ph
3;auxiliary Human;Tools California;New Margarete;implementa;Ca
4;Specialist generating;Computers Small Fresh Gloves back-end;West Joyfort;composite ;Su
5;sky blue;Peru deposit;Brennonshire;Buckingham;Et
6;mindshare Gorgeous;Chips;Lake Hilariochester;paradigms ;Eg
7;Benin;Tuna Response invoice;Myrlfurt;e-markets ;Ar
8;Louisiana;hack;West Bettyeton;Small;Ga
9;Developer Shoes Music;Buckinghamshire Hollow Shoes;New Granville;Personal L;Ne
10;Gorgeous Cotton Chair Personal Loan Account Borders;Norfolk Island Chilean Peso Unidades de fomento Checking Account;Nitzscheside;COM;Ne
