id;first_name;last_name;email;telephone
1;Deangelo;McLaughlin;Armando.Ruecker@hotmail.com;783-469-6358
2;Athena;Schmeler;Camille.Hammes@hotmail.com;(085) 362-0758 x2360
3;Chance;Weimann;Grady_Howe@hotmail.com;163-712-9586 x22618
4;Willis;Luettgen;Junius99@yahoo.com;(985) 986-1323
5;Maxine;Reinger;Spencer.Steuber77@hotmail.com;(680) 917-8665 x03196
6;Waylon;Abshire;Carolina.Gutmann@gmail.com;(469) 217-0243 x1736
7;Natalie;Stanton;Madyson_Hackett@hotmail.com;(536) 222-5993
8;Jeanne;Toy;London.Kemmer50@hotmail.com;564-812-7425 x0760
9;Charlie;Ziemann;Janet91@hotmail.com;(370) 993-4595 x99802
10;Elmo;Hoppe;Rowland48@gmail.com;353.986.9500
