id;title;keywords;description;rating;date_added;date_modified
1;scalable;Small;deliverables reinvent 24 hour;1407;2019-12-08;2019-12-08
2;monitor 1080p Checking Account;world-class Frozen IB;Highway Ergonomic;37081;2019-12-08;2019-12-08
3;payment;withdrawal COM;embrace Developer;84891;2019-12-08;2019-12-08
4;Robust Networked;Poland;Small partnerships;20171;2019-12-08;2019-12-08
5;Harbor Montana;Corporate Phased relationships;white Brand Money Market Account;69478;2019-12-08;2019-12-08
6;Auto Loan Account modular Refined;digital maroon;EXE projection Fresh;35629;2019-12-08;2019-12-08
7;contextually-based;synergies copying;ability Hat Iraq;48482;2019-12-08;2019-12-08
8;encompassing;Directives;sky blue;55810;2019-12-08;2019-12-08
9;Tasty Concrete Chips Exclusive;Buckinghamshire capability zero tolerance;mission-critical;97661;2019-12-08;2019-12-08
10;Home;Investor Public-key;Lebanon;44778;2019-12-07;2019-12-08
